Scheme Name,Folio No,ISIN,Transaction Date,Transaction Type,Amount (Rs.),Units,Price (Rs.)
Parag Parikh Flexi Cap Fund - Direct Growth,PPFCF1234567,INF879O01019,15-01-2020,Purchase,30000,1071.4286,28.0
Mirae Asset Large Cap Fund - Direct Growth,MIRAE9876543,INF769K01010,15-01-2020,Purchase,25000,480.7692,52.0
Axis Small Cap Fund - Direct Growth,AXIS5432167,INF846K01EW2,15-01-2020,Purchase,20000,526.3158,38.0
ICICI Prudential Bluechip Fund - Direct Growth,ICICI2345678,INF109K01VQ1,15-01-2020,Purchase,15000,357.1429,42.0
SBI Equity Hybrid Fund - Direct Growth,SBI8765432,INF200K01VC5,15-01-2020,Purchase,10000,68.9655,145.0
Parag Parikh Flexi Cap Fund - Direct Growth,PPFCF1234567,INF879O01019,05-02-2020,SIP,3000,123.7113,24.25
Mirae Asset Large Cap Fund - Direct Growth,MIRAE9876543,INF769K01010,05-02-2020,SIP,2000,44.4444,45.0
Axis Small Cap Fund - Direct Growth,AXIS5432167,INF846K01EW2,10-02-2020,SIP,2000,62.5,32.0
ICICI Prudential Bluechip Fund - Direct Growth,ICICI2345678,INF109K01VQ1,10-02-2020,SIP,2000,55.5556,36.0
SBI Equity Hybrid Fund - Direct Growth,SBI8765432,INF200K01VC5,15-02-2020,SIP,1000,7.6046,131.5
Parag Parikh Flexi Cap Fund - Direct Growth,PPFCF1234567,INF879O01019,05-03-2020,SIP,3000,146.3415,20.5
Mirae Asset Large Cap Fund - Direct Growth,MIRAE9876543,INF769K01010,05-03-2020,SIP,2000,52.6316,38.0
Axis Small Cap Fund - Direct Growth,AXIS5432167,INF846K01EW2,10-03-2020,SIP,2000,76.9231,26.0
ICICI Prudential Bluechip Fund - Direct Growth,ICICI2345678,INF109K01VQ1,10-03-2020,SIP,2000,66.6667,30.0
SBI Equity Hybrid Fund - Direct Growth,SBI8765432,INF200K01VC5,15-03-2020,SIP,1000,8.4746,118.0
Parag Parikh Flexi Cap Fund - Direct Growth,PPFCF1234567,INF879O01019,05-04-2020,SIP,3000,134.3484,22.33
Mirae Asset Large Cap Fund - Direct Growth,MIRAE9876543,INF769K01010,05-04-2020,SIP,2000,48.391,41.33
Axis Small Cap Fund - Direct Growth,AXIS5432167,INF846K01EW2,10-04-2020,SIP,2000,69.7593,28.67
ICICI Prudential Bluechip Fund - Direct Growth,ICICI2345678,INF109K01VQ1,10-04-2020,SIP,2000,61.2182,32.67
SBI Equity Hybrid Fund - Direct Growth,SBI8765432,INF200K01VC5,15-04-2020,SIP,1000,7.9789,125.33
Parag Parikh Flexi Cap Fund - Direct Growth,PPFCF1234567,INF879O01019,05-05-2020,SIP,3000,124.1208,24.17
Mirae Asset Large Cap Fund - Direct Growth,MIRAE9876543,INF769K01010,05-05-2020,SIP,2000,44.7728,44.67
Axis Small Cap Fund - Direct Growth,AXIS5432167,INF846K01EW2,10-05-2020,SIP,2000,63.8366,31.33
ICICI Prudential Bluechip Fund - Direct Growth,ICICI2345678,INF109K01VQ1,10-05-2020,SIP,2000,56.6091,35.33
SBI Equity Hybrid Fund - Direct Growth,SBI8765432,INF200K01VC5,15-05-2020,SIP,1000,7.5375,132.67
Parag Parikh Flexi Cap Fund - Direct Growth,PPFCF1234567,INF879O01019,05-06-2020,SIP,3000,115.3846,26.0
Mirae Asset Large Cap Fund - Direct Growth,MIRAE9876543,INF769K01010,05-06-2020,SIP,2000,41.6667,48.0
Axis Small Cap Fund - Direct Growth,AXIS5432167,INF846K01EW2,10-06-2020,SIP,2000,58.8235,34.0
ICICI Prudential Bluechip Fund - Direct Growth,ICICI2345678,INF109K01VQ1,10-06-2020,SIP,2000,52.6316,38.0
SBI Equity Hybrid Fund - Direct Growth,SBI8765432,INF200K01VC5,15-06-2020,SIP,1000,7.1429,140.0
Parag Parikh Flexi Cap Fund - Direct Growth,PPFCF1234567,INF879O01019,05-07-2020,SIP,3000,109.0909,27.5
Mirae Asset Large Cap Fund - Direct Growth,MIRAE9876543,INF769K01010,05-07-2020,SIP,2000,39.7377,50.33
Axis Small Cap Fund - Direct Growth,AXIS5432167,INF846K01EW2,10-07-2020,SIP,2000,55.0509,36.33
ICICI Prudential Bluechip Fund - Direct Growth,ICICI2345678,INF109K01VQ1,10-07-2020,SIP,2000,50.0,40.0
SBI Equity Hybrid Fund - Direct Growth,SBI8765432,INF200K01VC5,15-07-2020,SIP,1000,6.9123,144.67
Parag Parikh Flexi Cap Fund - Direct Growth,PPFCF1234567,INF879O01019,05-08-2020,SIP,3000,103.4483,29.0
Mirae Asset Large Cap Fund - Direct Growth,MIRAE9876543,INF769K01010,05-08-2020,SIP,2000,37.9723,52.67
Axis Small Cap Fund - Direct Growth,AXIS5432167,INF846K01EW2,10-08-2020,SIP,2000,51.7197,38.67
ICICI Prudential Bluechip Fund - Direct Growth,ICICI2345678,INF109K01VQ1,10-08-2020,SIP,2000,47.619,42.0
SBI Equity Hybrid Fund - Direct Growth,SBI8765432,INF200K01VC5,15-08-2020,SIP,1000,6.6966,149.33
Parag Parikh Flexi Cap Fund - Direct Growth,PPFCF1234567,INF879O01019,05-09-2020,SIP,3000,98.3607,30.5
Mirae Asset Large Cap Fund - Direct Growth,MIRAE9876543,INF769K01010,05-09-2020,SIP,2000,36.3636,55.0
Axis Small Cap Fund - Direct Growth,AXIS5432167,INF846K01EW2,10-09-2020,SIP,2000,48.7805,41.0
ICICI Prudential Bluechip Fund - Direct Growth,ICICI2345678,INF109K01VQ1,10-09-2020,SIP,2000,45.4545,44.0
SBI Equity Hybrid Fund - Direct Growth,SBI8765432,INF200K01VC5,15-09-2020,SIP,1000,6.4935,154.0
Parag Parikh Flexi Cap Fund - Direct Growth,PPFCF1234567,INF879O01019,05-10-2020,SIP,3000,93.75,32.0
Mirae Asset Large Cap Fund - Direct Growth,MIRAE9876543,INF769K01010,05-10-2020,SIP,2000,34.8857,57.33
Axis Small Cap Fund - Direct Growth,AXIS5432167,INF846K01EW2,10-10-2020,SIP,2000,46.1574,43.33
ICICI Prudential Bluechip Fund - Direct Growth,ICICI2345678,INF109K01VQ1,10-10-2020,SIP,2000,43.4783,46.0
SBI Equity Hybrid Fund - Direct Growth,SBI8765432,INF200K01VC5,15-10-2020,SIP,1000,6.3024,158.67
Parag Parikh Flexi Cap Fund - Direct Growth,PPFCF1234567,INF879O01019,05-11-2020,SIP,3000,89.5522,33.5
Mirae Asset Large Cap Fund - Direct Growth,MIRAE9876543,INF769K01010,05-11-2020,SIP,2000,33.5177,59.67
Axis Small Cap Fund - Direct Growth,AXIS5432167,INF846K01EW2,10-11-2020,SIP,2000,43.7924,45.67
ICICI Prudential Bluechip Fund - Direct Growth,ICICI2345678,INF109K01VQ1,10-11-2020,SIP,2000,41.6667,48.0
SBI Equity Hybrid Fund - Direct Growth,SBI8765432,INF200K01VC5,15-11-2020,SIP,1000,6.1226,163.33
Parag Parikh Flexi Cap Fund - Direct Growth,PPFCF1234567,INF879O01019,05-12-2020,SIP,3000,85.7143,35.0
Mirae Asset Large Cap Fund - Direct Growth,MIRAE9876543,INF769K01010,05-12-2020,SIP,2000,32.2581,62.0
Axis Small Cap Fund - Direct Growth,AXIS5432167,INF846K01EW2,10-12-2020,SIP,2000,41.6667,48.0
ICICI Prudential Bluechip Fund - Direct Growth,ICICI2345678,INF109K01VQ1,10-12-2020,SIP,2000,40.0,50.0
SBI Equity Hybrid Fund - Direct Growth,SBI8765432,INF200K01VC5,15-12-2020,SIP,1000,5.9524,168.0
Parag Parikh Flexi Cap Fund - Direct Growth,PPFCF1234567,INF879O01019,05-01-2021,SIP,3000,82.9417,36.17
Mirae Asset Large Cap Fund - Direct Growth,MIRAE9876543,INF769K01010,05-01-2021,SIP,2000,31.412,63.67
Axis Small Cap Fund - Direct Growth,AXIS5432167,INF846K01EW2,10-01-2021,SIP,2000,40.0,50.0
ICICI Prudential Bluechip Fund - Direct Growth,ICICI2345678,INF109K01VQ1,10-01-2021,SIP,2000,38.9636,51.33
SBI Equity Hybrid Fund - Direct Growth,SBI8765432,INF200K01VC5,15-01-2021,SIP,1000,5.8538,170.83
Parag Parikh Flexi Cap Fund - Direct Growth,PPFCF1234567,INF879O01019,05-02-2021,SIP,3000,80.3643,37.33
Mirae Asset Large Cap Fund - Direct Growth,MIRAE9876543,INF769K01010,05-02-2021,SIP,2000,30.6138,65.33
Axis Small Cap Fund - Direct Growth,AXIS5432167,INF846K01EW2,10-02-2021,SIP,2000,38.4615,52.0
ICICI Prudential Bluechip Fund - Direct Growth,ICICI2345678,INF109K01VQ1,10-02-2021,SIP,2000,37.9723,52.67
SBI Equity Hybrid Fund - Direct Growth,SBI8765432,INF200K01VC5,15-02-2021,SIP,1000,5.758,173.67
Parag Parikh Flexi Cap Fund - Direct Growth,PPFCF1234567,INF879O01019,05-03-2021,SIP,3000,77.9221,38.5
Mirae Asset Large Cap Fund - Direct Growth,MIRAE9876543,INF769K01010,05-03-2021,SIP,2000,29.8507,67.0
Axis Small Cap Fund - Direct Growth,AXIS5432167,INF846K01EW2,10-03-2021,SIP,2000,37.037,54.0
ICICI Prudential Bluechip Fund - Direct Growth,ICICI2345678,INF109K01VQ1,10-03-2021,SIP,2000,37.037,54.0
SBI Equity Hybrid Fund - Direct Growth,SBI8765432,INF200K01VC5,15-03-2021,SIP,1000,5.6657,176.5
Parag Parikh Flexi Cap Fund - Direct Growth,PPFCF1234567,INF879O01019,05-04-2021,SIP,3000,75.6239,39.67
Mirae Asset Large Cap Fund - Direct Growth,MIRAE9876543,INF769K01010,05-04-2021,SIP,2000,29.1248,68.67
Axis Small Cap Fund - Direct Growth,AXIS5432167,INF846K01EW2,10-04-2021,SIP,2000,35.7143,56.0
ICICI Prudential Bluechip Fund - Direct Growth,ICICI2345678,INF109K01VQ1,10-04-2021,SIP,2000,36.1468,55.33
SBI Equity Hybrid Fund - Direct Growth,SBI8765432,INF200K01VC5,15-04-2021,SIP,1000,5.5763,179.33
Parag Parikh Flexi Cap Fund - Direct Growth,PPFCF1234567,INF879O01019,05-05-2021,SIP,3000,73.4754,40.83
Mirae Asset Large Cap Fund - Direct Growth,MIRAE9876543,INF769K01010,05-05-2021,SIP,2000,28.4374,70.33
Axis Small Cap Fund - Direct Growth,AXIS5432167,INF846K01EW2,10-05-2021,SIP,2000,34.4828,58.0
ICICI Prudential Bluechip Fund - Direct Growth,ICICI2345678,INF109K01VQ1,10-05-2021,SIP,2000,35.292,56.67
SBI Equity Hybrid Fund - Direct Growth,SBI8765432,INF200K01VC5,15-05-2021,SIP,1000,5.4894,182.17
Parag Parikh Flexi Cap Fund - Direct Growth,PPFCF1234567,INF879O01019,05-06-2021,SIP,3000,71.4286,42.0
Mirae Asset Large Cap Fund - Direct Growth,MIRAE9876543,INF769K01010,05-06-2021,SIP,2000,27.7778,72.0
Axis Small Cap Fund - Direct Growth,AXIS5432167,INF846K01EW2,10-06-2021,SIP,2000,33.3333,60.0
ICICI Prudential Bluechip Fund - Direct Growth,ICICI2345678,INF109K01VQ1,10-06-2021,SIP,2000,34.4828,58.0
SBI Equity Hybrid Fund - Direct Growth,SBI8765432,INF200K01VC5,15-06-2021,SIP,1000,5.4054,185.0
Mirae Asset Large Cap Fund - Direct Growth,MIRAE9876543,INF769K01010,22-06-2021,Redemption,14400.0,200.0,72.0
Parag Parikh Flexi Cap Fund - Direct Growth,PPFCF1234567,INF879O01019,05-07-2021,SIP,3000,69.7674,43.0
Mirae Asset Large Cap Fund - Direct Growth,MIRAE9876543,INF769K01010,05-07-2021,SIP,2000,27.1481,73.67
Axis Small Cap Fund - Direct Growth,AXIS5432167,INF846K01EW2,10-07-2021,SIP,2000,32.4307,61.67
ICICI Prudential Bluechip Fund - Direct Growth,ICICI2345678,INF109K01VQ1,10-07-2021,SIP,2000,33.8009,59.17
SBI Equity Hybrid Fund - Direct Growth,SBI8765432,INF200K01VC5,15-07-2021,SIP,1000,5.3333,187.5
Parag Parikh Flexi Cap Fund - Direct Growth,PPFCF1234567,INF879O01019,05-08-2021,SIP,3000,68.1818,44.0
Mirae Asset Large Cap Fund - Direct Growth,MIRAE9876543,INF769K01010,05-08-2021,SIP,2000,26.5498,75.33
Axis Small Cap Fund - Direct Growth,AXIS5432167,INF846K01EW2,10-08-2021,SIP,2000,31.5806,63.33
ICICI Prudential Bluechip Fund - Direct Growth,ICICI2345678,INF109K01VQ1,10-08-2021,SIP,2000,33.151,60.33
SBI Equity Hybrid Fund - Direct Growth,SBI8765432,INF200K01VC5,15-08-2021,SIP,1000,5.2632,190.0
Parag Parikh Flexi Cap Fund - Direct Growth,PPFCF1234567,INF879O01019,05-09-2021,SIP,3000,66.6667,45.0
Mirae Asset Large Cap Fund - Direct Growth,MIRAE9876543,INF769K01010,05-09-2021,SIP,2000,25.974,77.0
Axis Small Cap Fund - Direct Growth,AXIS5432167,INF846K01EW2,10-09-2021,SIP,2000,30.7692,65.0
ICICI Prudential Bluechip Fund - Direct Growth,ICICI2345678,INF109K01VQ1,10-09-2021,SIP,2000,32.5203,61.5
SBI Equity Hybrid Fund - Direct Growth,SBI8765432,INF200K01VC5,15-09-2021,SIP,1000,5.1948,192.5
Parag Parikh Flexi Cap Fund - Direct Growth,PPFCF1234567,INF879O01019,05-10-2021,SIP,3000,65.2174,46.0
Mirae Asset Large Cap Fund - Direct Growth,MIRAE9876543,INF769K01010,05-10-2021,SIP,2000,25.4227,78.67
Axis Small Cap Fund - Direct Growth,AXIS5432167,INF846K01EW2,10-10-2021,SIP,2000,29.9985,66.67
ICICI Prudential Bluechip Fund - Direct Growth,ICICI2345678,INF109K01VQ1,10-10-2021,SIP,2000,31.9132,62.67
SBI Equity Hybrid Fund - Direct Growth,SBI8765432,INF200K01VC5,15-10-2021,SIP,1000,5.1282,195.0
Parag Parikh Flexi Cap Fund - Direct Growth,PPFCF1234567,INF879O01019,05-11-2021,SIP,3000,63.8298,47.0
Mirae Asset Large Cap Fund - Direct Growth,MIRAE9876543,INF769K01010,05-11-2021,SIP,2000,24.8973,80.33
Axis Small Cap Fund - Direct Growth,AXIS5432167,INF846K01EW2,10-11-2021,SIP,2000,29.2697,68.33
ICICI Prudential Bluechip Fund - Direct Growth,ICICI2345678,INF109K01VQ1,10-11-2021,SIP,2000,31.3332,63.83
SBI Equity Hybrid Fund - Direct Growth,SBI8765432,INF200K01VC5,15-11-2021,SIP,1000,5.0633,197.5
Parag Parikh Flexi Cap Fund - Direct Growth,PPFCF1234567,INF879O01019,05-12-2021,SIP,3000,62.5,48.0
Mirae Asset Large Cap Fund - Direct Growth,MIRAE9876543,INF769K01010,05-12-2021,SIP,2000,24.3902,82.0
Axis Small Cap Fund - Direct Growth,AXIS5432167,INF846K01EW2,10-12-2021,SIP,2000,28.5714,70.0
ICICI Prudential Bluechip Fund - Direct Growth,ICICI2345678,INF109K01VQ1,10-12-2021,SIP,2000,30.7692,65.0
SBI Equity Hybrid Fund - Direct Growth,SBI8765432,INF200K01VC5,15-12-2021,SIP,1000,5.0,200.0
Parag Parikh Flexi Cap Fund - Direct Growth,PPFCF1234567,INF879O01019,05-01-2022,SIP,3000,63.3847,47.33
Mirae Asset Large Cap Fund - Direct Growth,MIRAE9876543,INF769K01010,05-01-2022,SIP,2000,24.8973,80.33
Axis Small Cap Fund - Direct Growth,AXIS5432167,INF846K01EW2,10-01-2022,SIP,2000,29.5552,67.67
ICICI Prudential Bluechip Fund - Direct Growth,ICICI2345678,INF109K01VQ1,10-01-2022,SIP,2000,31.3332,63.83
SBI Equity Hybrid Fund - Direct Growth,SBI8765432,INF200K01VC5,15-01-2022,SIP,1000,5.0847,196.67
Parag Parikh Flexi Cap Fund - Direct Growth,PPFCF1234567,INF879O01019,05-02-2022,SIP,3000,64.2811,46.67
Mirae Asset Large Cap Fund - Direct Growth,MIRAE9876543,INF769K01010,05-02-2022,SIP,2000,25.4227,78.67
Axis Small Cap Fund - Direct Growth,AXIS5432167,INF846K01EW2,10-02-2022,SIP,2000,30.6138,65.33
ICICI Prudential Bluechip Fund - Direct Growth,ICICI2345678,INF109K01VQ1,10-02-2022,SIP,2000,31.9132,62.67
SBI Equity Hybrid Fund - Direct Growth,SBI8765432,INF200K01VC5,15-02-2022,SIP,1000,5.1725,193.33
Parag Parikh Flexi Cap Fund - Direct Growth,PPFCF1234567,INF879O01019,05-03-2022,SIP,3000,65.2174,46.0
Mirae Asset Large Cap Fund - Direct Growth,MIRAE9876543,INF769K01010,05-03-2022,SIP,2000,25.974,77.0
Axis Small Cap Fund - Direct Growth,AXIS5432167,INF846K01EW2,10-03-2022,SIP,2000,31.746,63.0
ICICI Prudential Bluechip Fund - Direct Growth,ICICI2345678,INF109K01VQ1,10-03-2022,SIP,2000,32.5203,61.5
SBI Equity Hybrid Fund - Direct Growth,SBI8765432,INF200K01VC5,15-03-2022,SIP,1000,5.2632,190.0
Parag Parikh Flexi Cap Fund - Direct Growth,PPFCF1234567,INF879O01019,05-04-2022,SIP,3000,66.1813,45.33
Mirae Asset Large Cap Fund - Direct Growth,MIRAE9876543,INF769K01010,05-04-2022,SIP,2000,26.5498,75.33
Axis Small Cap Fund - Direct Growth,AXIS5432167,INF846K01EW2,10-04-2022,SIP,2000,32.9652,60.67
ICICI Prudential Bluechip Fund - Direct Growth,ICICI2345678,INF109K01VQ1,10-04-2022,SIP,2000,33.151,60.33
SBI Equity Hybrid Fund - Direct Growth,SBI8765432,INF200K01VC5,15-04-2022,SIP,1000,5.357,186.67
Parag Parikh Flexi Cap Fund - Direct Growth,PPFCF1234567,INF879O01019,05-05-2022,SIP,3000,67.1592,44.67
Mirae Asset Large Cap Fund - Direct Growth,MIRAE9876543,INF769K01010,05-05-2022,SIP,2000,27.1481,73.67
Axis Small Cap Fund - Direct Growth,AXIS5432167,INF846K01EW2,10-05-2022,SIP,2000,34.2877,58.33
ICICI Prudential Bluechip Fund - Direct Growth,ICICI2345678,INF109K01VQ1,10-05-2022,SIP,2000,33.8009,59.17
SBI Equity Hybrid Fund - Direct Growth,SBI8765432,INF200K01VC5,15-05-2022,SIP,1000,5.4546,183.33
Parag Parikh Flexi Cap Fund - Direct Growth,PPFCF1234567,INF879O01019,05-06-2022,SIP,3000,68.1818,44.0
Mirae Asset Large Cap Fund - Direct Growth,MIRAE9876543,INF769K01010,05-06-2022,SIP,2000,27.7778,72.0
Axis Small Cap Fund - Direct Growth,AXIS5432167,INF846K01EW2,10-06-2022,SIP,2000,35.7143,56.0
ICICI Prudential Bluechip Fund - Direct Growth,ICICI2345678,INF109K01VQ1,10-06-2022,SIP,2000,34.4828,58.0
SBI Equity Hybrid Fund - Direct Growth,SBI8765432,INF200K01VC5,15-06-2022,SIP,1000,5.5556,180.0
Parag Parikh Flexi Cap Fund - Direct Growth,PPFCF1234567,INF879O01019,05-07-2022,SIP,3000,67.6743,44.33
Mirae Asset Large Cap Fund - Direct Growth,MIRAE9876543,INF769K01010,05-07-2022,SIP,2000,27.5862,72.5
Axis Small Cap Fund - Direct Growth,AXIS5432167,INF846K01EW2,10-07-2022,SIP,2000,35.5051,56.33
ICICI Prudential Bluechip Fund - Direct Growth,ICICI2345678,INF109K01VQ1,10-07-2022,SIP,2000,34.089,58.67
SBI Equity Hybrid Fund - Direct Growth,SBI8765432,INF200K01VC5,15-07-2022,SIP,1000,5.5148,181.33
Parag Parikh Flexi Cap Fund - Direct Growth,PPFCF1234567,INF879O01019,05-08-2022,SIP,3000,67.1592,44.67
Mirae Asset Large Cap Fund - Direct Growth,MIRAE9876543,INF769K01010,05-08-2022,SIP,2000,27.3973,73.0
Axis Small Cap Fund - Direct Growth,AXIS5432167,INF846K01EW2,10-08-2022,SIP,2000,35.292,56.67
ICICI Prudential Bluechip Fund - Direct Growth,ICICI2345678,INF109K01VQ1,10-08-2022,SIP,2000,33.7098,59.33
SBI Equity Hybrid Fund - Direct Growth,SBI8765432,INF200K01VC5,15-08-2022,SIP,1000,5.4744,182.67
Parag Parikh Flexi Cap Fund - Direct Growth,PPFCF1234567,INF879O01019,05-09-2022,SIP,3000,66.6667,45.0
Mirae Asset Large Cap Fund - Direct Growth,MIRAE9876543,INF769K01010,05-09-2022,SIP,2000,27.2109,73.5
Axis Small Cap Fund - Direct Growth,AXIS5432167,INF846K01EW2,10-09-2022,SIP,2000,35.0877,57.0
ICICI Prudential Bluechip Fund - Direct Growth,ICICI2345678,INF109K01VQ1,10-09-2022,SIP,2000,33.3333,60.0
SBI Equity Hybrid Fund - Direct Growth,SBI8765432,INF200K01VC5,15-09-2022,SIP,1000,5.4348,184.0
Parag Parikh Flexi Cap Fund - Direct Growth,PPFCF1234567,INF879O01019,05-10-2022,SIP,3000,66.1813,45.33
Mirae Asset Large Cap Fund - Direct Growth,MIRAE9876543,INF769K01010,05-10-2022,SIP,2000,27.027,74.0
Axis Small Cap Fund - Direct Growth,AXIS5432167,INF846K01EW2,10-10-2022,SIP,2000,34.8857,57.33
ICICI Prudential Bluechip Fund - Direct Growth,ICICI2345678,INF109K01VQ1,10-10-2022,SIP,2000,32.9652,60.67
SBI Equity Hybrid Fund - Direct Growth,SBI8765432,INF200K01VC5,15-10-2022,SIP,1000,5.3958,185.33
Parag Parikh Flexi Cap Fund - Direct Growth,PPFCF1234567,INF879O01019,05-11-2022,SIP,3000,65.6886,45.67
Mirae Asset Large Cap Fund - Direct Growth,MIRAE9876543,INF769K01010,05-11-2022,SIP,2000,26.8456,74.5
Axis Small Cap Fund - Direct Growth,AXIS5432167,INF846K01EW2,10-11-2022,SIP,2000,34.6801,57.67
ICICI Prudential Bluechip Fund - Direct Growth,ICICI2345678,INF109K01VQ1,10-11-2022,SIP,2000,32.6105,61.33
SBI Equity Hybrid Fund - Direct Growth,SBI8765432,INF200K01VC5,15-11-2022,SIP,1000,5.357,186.67
Parag Parikh Flexi Cap Fund - Direct Growth,PPFCF1234567,INF879O01019,05-12-2022,SIP,3000,65.2174,46.0
Mirae Asset Large Cap Fund - Direct Growth,MIRAE9876543,INF769K01010,05-12-2022,SIP,2000,26.6667,75.0
Axis Small Cap Fund - Direct Growth,AXIS5432167,INF846K01EW2,10-12-2022,SIP,2000,34.4828,58.0
ICICI Prudential Bluechip Fund - Direct Growth,ICICI2345678,INF109K01VQ1,10-12-2022,SIP,2000,32.2581,62.0
SBI Equity Hybrid Fund - Direct Growth,SBI8765432,INF200K01VC5,15-12-2022,SIP,1000,5.3191,188.0
Parag Parikh Flexi Cap Fund - Direct Growth,PPFCF1234567,INF879O01019,18-12-2022,Redemption,13800.0,300.0,46.0
Parag Parikh Flexi Cap Fund - Direct Growth,PPFCF1234567,INF879O01019,05-01-2023,SIP,3000,63.8298,47.0
Mirae Asset Large Cap Fund - Direct Growth,MIRAE9876543,INF769K01010,05-01-2023,SIP,2000,26.0858,76.67
Axis Small Cap Fund - Direct Growth,AXIS5432167,INF846K01EW2,10-01-2023,SIP,2000,33.5177,59.67
ICICI Prudential Bluechip Fund - Direct Growth,ICICI2345678,INF109K01VQ1,10-01-2023,SIP,2000,31.746,63.0
SBI Equity Hybrid Fund - Direct Growth,SBI8765432,INF200K01VC5,15-01-2023,SIP,1000,5.2403,190.83
Parag Parikh Flexi Cap Fund - Direct Growth,PPFCF1234567,INF879O01019,05-02-2023,SIP,3000,62.5,48.0
Mirae Asset Large Cap Fund - Direct Growth,MIRAE9876543,INF769K01010,05-02-2023,SIP,2000,25.533,78.33
Axis Small Cap Fund - Direct Growth,AXIS5432167,INF846K01EW2,10-02-2023,SIP,2000,32.6105,61.33
ICICI Prudential Bluechip Fund - Direct Growth,ICICI2345678,INF109K01VQ1,10-02-2023,SIP,2000,31.25,64.0
SBI Equity Hybrid Fund - Direct Growth,SBI8765432,INF200K01VC5,15-02-2023,SIP,1000,5.1634,193.67
Parag Parikh Flexi Cap Fund - Direct Growth,PPFCF1234567,INF879O01019,05-03-2023,SIP,3000,61.2245,49.0
Mirae Asset Large Cap Fund - Direct Growth,MIRAE9876543,INF769K01010,05-03-2023,SIP,2000,25.0,80.0
Axis Small Cap Fund - Direct Growth,AXIS5432167,INF846K01EW2,10-03-2023,SIP,2000,31.746,63.0
ICICI Prudential Bluechip Fund - Direct Growth,ICICI2345678,INF109K01VQ1,10-03-2023,SIP,2000,30.7692,65.0
SBI Equity Hybrid Fund - Direct Growth,SBI8765432,INF200K01VC5,15-03-2023,SIP,1000,5.0891,196.5
Parag Parikh Flexi Cap Fund - Direct Growth,PPFCF1234567,INF879O01019,05-04-2023,SIP,3000,60.0,50.0
Mirae Asset Large Cap Fund - Direct Growth,MIRAE9876543,INF769K01010,05-04-2023,SIP,2000,24.4888,81.67
Axis Small Cap Fund - Direct Growth,AXIS5432167,INF846K01EW2,10-04-2023,SIP,2000,30.9262,64.67
ICICI Prudential Bluechip Fund - Direct Growth,ICICI2345678,INF109K01VQ1,10-04-2023,SIP,2000,30.303,66.0
SBI Equity Hybrid Fund - Direct Growth,SBI8765432,INF200K01VC5,15-04-2023,SIP,1000,5.0168,199.33
Parag Parikh Flexi Cap Fund - Direct Growth,PPFCF1234567,INF879O01019,05-05-2023,SIP,3000,58.8235,51.0
Mirae Asset Large Cap Fund - Direct Growth,MIRAE9876543,INF769K01010,05-05-2023,SIP,2000,24.001,83.33
Axis Small Cap Fund - Direct Growth,AXIS5432167,INF846K01EW2,10-05-2023,SIP,2000,30.1523,66.33
ICICI Prudential Bluechip Fund - Direct Growth,ICICI2345678,INF109K01VQ1,10-05-2023,SIP,2000,29.8507,67.0
SBI Equity Hybrid Fund - Direct Growth,SBI8765432,INF200K01VC5,15-05-2023,SIP,1000,4.9463,202.17
Parag Parikh Flexi Cap Fund - Direct Growth,PPFCF1234567,INF879O01019,05-06-2023,SIP,3000,57.6923,52.0
Mirae Asset Large Cap Fund - Direct Growth,MIRAE9876543,INF769K01010,05-06-2023,SIP,2000,23.5294,85.0
Axis Small Cap Fund - Direct Growth,AXIS5432167,INF846K01EW2,10-06-2023,SIP,2000,29.4118,68.0
ICICI Prudential Bluechip Fund - Direct Growth,ICICI2345678,INF109K01VQ1,10-06-2023,SIP,2000,29.4118,68.0
SBI Equity Hybrid Fund - Direct Growth,SBI8765432,INF200K01VC5,15-06-2023,SIP,1000,4.878,205.0
Parag Parikh Flexi Cap Fund - Direct Growth,PPFCF1234567,INF879O01019,05-07-2023,SIP,3000,56.6038,53.0
Mirae Asset Large Cap Fund - Direct Growth,MIRAE9876543,INF769K01010,05-07-2023,SIP,2000,23.1214,86.5
Axis Small Cap Fund - Direct Growth,AXIS5432167,INF846K01EW2,10-07-2023,SIP,2000,28.8475,69.33
ICICI Prudential Bluechip Fund - Direct Growth,ICICI2345678,INF109K01VQ1,10-07-2023,SIP,2000,28.8475,69.33
SBI Equity Hybrid Fund - Direct Growth,SBI8765432,INF200K01VC5,15-07-2023,SIP,1000,4.8193,207.5
Parag Parikh Flexi Cap Fund - Direct Growth,PPFCF1234567,INF879O01019,05-08-2023,SIP,3000,55.5556,54.0
Mirae Asset Large Cap Fund - Direct Growth,MIRAE9876543,INF769K01010,05-08-2023,SIP,2000,22.7273,88.0
Axis Small Cap Fund - Direct Growth,AXIS5432167,INF846K01EW2,10-08-2023,SIP,2000,28.3006,70.67
ICICI Prudential Bluechip Fund - Direct Growth,ICICI2345678,INF109K01VQ1,10-08-2023,SIP,2000,28.3006,70.67
SBI Equity Hybrid Fund - Direct Growth,SBI8765432,INF200K01VC5,15-08-2023,SIP,1000,4.7619,210.0
Parag Parikh Flexi Cap Fund - Direct Growth,PPFCF1234567,INF879O01019,05-09-2023,SIP,3000,54.5455,55.0
Mirae Asset Large Cap Fund - Direct Growth,MIRAE9876543,INF769K01010,05-09-2023,SIP,2000,22.3464,89.5
Axis Small Cap Fund - Direct Growth,AXIS5432167,INF846K01EW2,10-09-2023,SIP,2000,27.7778,72.0
ICICI Prudential Bluechip Fund - Direct Growth,ICICI2345678,INF109K01VQ1,10-09-2023,SIP,2000,27.7778,72.0
SBI Equity Hybrid Fund - Direct Growth,SBI8765432,INF200K01VC5,15-09-2023,SIP,1000,4.7059,212.5
Parag Parikh Flexi Cap Fund - Direct Growth,PPFCF1234567,INF879O01019,05-10-2023,SIP,3000,53.5714,56.0
Mirae Asset Large Cap Fund - Direct Growth,MIRAE9876543,INF769K01010,05-10-2023,SIP,2000,21.978,91.0
Axis Small Cap Fund - Direct Growth,AXIS5432167,INF846K01EW2,10-10-2023,SIP,2000,27.274,73.33
ICICI Prudential Bluechip Fund - Direct Growth,ICICI2345678,INF109K01VQ1,10-10-2023,SIP,2000,27.274,73.33
SBI Equity Hybrid Fund - Direct Growth,SBI8765432,INF200K01VC5,15-10-2023,SIP,1000,4.6512,215.0
Parag Parikh Flexi Cap Fund - Direct Growth,PPFCF1234567,INF879O01019,05-11-2023,SIP,3000,52.6316,57.0
Mirae Asset Large Cap Fund - Direct Growth,MIRAE9876543,INF769K01010,05-11-2023,SIP,2000,21.6216,92.5
Axis Small Cap Fund - Direct Growth,AXIS5432167,INF846K01EW2,10-11-2023,SIP,2000,26.7845,74.67
ICICI Prudential Bluechip Fund - Direct Growth,ICICI2345678,INF109K01VQ1,10-11-2023,SIP,2000,26.7845,74.67
SBI Equity Hybrid Fund - Direct Growth,SBI8765432,INF200K01VC5,15-11-2023,SIP,1000,4.5977,217.5
Parag Parikh Flexi Cap Fund - Direct Growth,PPFCF1234567,INF879O01019,05-12-2023,SIP,3000,51.7241,58.0
Mirae Asset Large Cap Fund - Direct Growth,MIRAE9876543,INF769K01010,05-12-2023,SIP,2000,21.2766,94.0
Axis Small Cap Fund - Direct Growth,AXIS5432167,INF846K01EW2,10-12-2023,SIP,2000,26.3158,76.0
ICICI Prudential Bluechip Fund - Direct Growth,ICICI2345678,INF109K01VQ1,10-12-2023,SIP,2000,26.3158,76.0
SBI Equity Hybrid Fund - Direct Growth,SBI8765432,INF200K01VC5,15-12-2023,SIP,1000,4.5455,220.0
Parag Parikh Flexi Cap Fund - Direct Growth,PPFCF1234567,INF879O01019,05-01-2024,SIP,3000,50.8475,59.0
Mirae Asset Large Cap Fund - Direct Growth,MIRAE9876543,INF769K01010,05-01-2024,SIP,2000,20.9798,95.33
Axis Small Cap Fund - Direct Growth,AXIS5432167,INF846K01EW2,10-01-2024,SIP,2000,25.641,78.0
ICICI Prudential Bluechip Fund - Direct Growth,ICICI2345678,INF109K01VQ1,10-01-2024,SIP,2000,25.974,77.0
SBI Equity Hybrid Fund - Direct Growth,SBI8765432,INF200K01VC5,15-01-2024,SIP,1000,4.4843,223.0
Parag Parikh Flexi Cap Fund - Direct Growth,PPFCF1234567,INF879O01019,05-02-2024,SIP,3000,50.0,60.0
Mirae Asset Large Cap Fund - Direct Growth,MIRAE9876543,INF769K01010,05-02-2024,SIP,2000,20.6889,96.67
Axis Small Cap Fund - Direct Growth,AXIS5432167,INF846K01EW2,10-02-2024,SIP,2000,25.0,80.0
ICICI Prudential Bluechip Fund - Direct Growth,ICICI2345678,INF109K01VQ1,10-02-2024,SIP,2000,25.641,78.0
SBI Equity Hybrid Fund - Direct Growth,SBI8765432,INF200K01VC5,15-02-2024,SIP,1000,4.4248,226.0
Parag Parikh Flexi Cap Fund - Direct Growth,PPFCF1234567,INF879O01019,05-03-2024,SIP,3000,49.1803,61.0
Mirae Asset Large Cap Fund - Direct Growth,MIRAE9876543,INF769K01010,05-03-2024,SIP,2000,20.4082,98.0
Axis Small Cap Fund - Direct Growth,AXIS5432167,INF846K01EW2,10-03-2024,SIP,2000,24.3902,82.0
ICICI Prudential Bluechip Fund - Direct Growth,ICICI2345678,INF109K01VQ1,10-03-2024,SIP,2000,25.3165,79.0
SBI Equity Hybrid Fund - Direct Growth,SBI8765432,INF200K01VC5,15-03-2024,SIP,1000,4.3668,229.0
Parag Parikh Flexi Cap Fund - Direct Growth,PPFCF1234567,INF879O01019,05-04-2024,SIP,3000,48.3871,62.0
Mirae Asset Large Cap Fund - Direct Growth,MIRAE9876543,INF769K01010,05-04-2024,SIP,2000,20.1349,99.33
Axis Small Cap Fund - Direct Growth,AXIS5432167,INF846K01EW2,10-04-2024,SIP,2000,23.8095,84.0
ICICI Prudential Bluechip Fund - Direct Growth,ICICI2345678,INF109K01VQ1,10-04-2024,SIP,2000,25.0,80.0
SBI Equity Hybrid Fund - Direct Growth,SBI8765432,INF200K01VC5,15-04-2024,SIP,1000,4.3103,232.0
ICICI Prudential Bluechip Fund - Direct Growth,ICICI2345678,INF109K01VQ1,15-04-2024,Redemption,40000.0,500.0,80.0
Parag Parikh Flexi Cap Fund - Direct Growth,PPFCF1234567,INF879O01019,05-05-2024,SIP,3000,47.619,63.0
Mirae Asset Large Cap Fund - Direct Growth,MIRAE9876543,INF769K01010,05-05-2024,SIP,2000,19.8669,100.67
Axis Small Cap Fund - Direct Growth,AXIS5432167,INF846K01EW2,10-05-2024,SIP,2000,23.2558,86.0
ICICI Prudential Bluechip Fund - Direct Growth,ICICI2345678,INF109K01VQ1,10-05-2024,SIP,2000,24.6914,81.0
SBI Equity Hybrid Fund - Direct Growth,SBI8765432,INF200K01VC5,15-05-2024,SIP,1000,4.2553,235.0
Parag Parikh Flexi Cap Fund - Direct Growth,PPFCF1234567,INF879O01019,05-06-2024,SIP,3000,46.875,64.0
Mirae Asset Large Cap Fund - Direct Growth,MIRAE9876543,INF769K01010,05-06-2024,SIP,2000,19.6078,102.0
Axis Small Cap Fund - Direct Growth,AXIS5432167,INF846K01EW2,10-06-2024,SIP,2000,22.7273,88.0
ICICI Prudential Bluechip Fund - Direct Growth,ICICI2345678,INF109K01VQ1,10-06-2024,SIP,2000,24.3902,82.0
SBI Equity Hybrid Fund - Direct Growth,SBI8765432,INF200K01VC5,15-06-2024,SIP,1000,4.2017,238.0
Parag Parikh Flexi Cap Fund - Direct Growth,PPFCF1234567,INF879O01019,05-07-2024,SIP,3000,46.3894,64.67
Mirae Asset Large Cap Fund - Direct Growth,MIRAE9876543,INF769K01010,05-07-2024,SIP,2000,19.4175,103.0
Axis Small Cap Fund - Direct Growth,AXIS5432167,INF846K01EW2,10-07-2024,SIP,2000,22.5555,88.67
ICICI Prudential Bluechip Fund - Direct Growth,ICICI2345678,INF109K01VQ1,10-07-2024,SIP,2000,24.0964,83.0
SBI Equity Hybrid Fund - Direct Growth,SBI8765432,INF200K01VC5,15-07-2024,SIP,1000,4.1724,239.67
Parag Parikh Flexi Cap Fund - Direct Growth,PPFCF1234567,INF879O01019,05-08-2024,SIP,3000,45.9207,65.33
Mirae Asset Large Cap Fund - Direct Growth,MIRAE9876543,INF769K01010,05-08-2024,SIP,2000,19.2308,104.0
Axis Small Cap Fund - Direct Growth,AXIS5432167,INF846K01EW2,10-08-2024,SIP,2000,22.3889,89.33
ICICI Prudential Bluechip Fund - Direct Growth,ICICI2345678,INF109K01VQ1,10-08-2024,SIP,2000,23.8095,84.0
SBI Equity Hybrid Fund - Direct Growth,SBI8765432,INF200K01VC5,15-08-2024,SIP,1000,4.1437,241.33
Parag Parikh Flexi Cap Fund - Direct Growth,PPFCF1234567,INF879O01019,05-09-2024,SIP,3000,45.4545,66.0
Mirae Asset Large Cap Fund - Direct Growth,MIRAE9876543,INF769K01010,05-09-2024,SIP,2000,19.0476,105.0
Axis Small Cap Fund - Direct Growth,AXIS5432167,INF846K01EW2,10-09-2024,SIP,2000,22.2222,90.0
ICICI Prudential Bluechip Fund - Direct Growth,ICICI2345678,INF109K01VQ1,10-09-2024,SIP,2000,23.5294,85.0
SBI Equity Hybrid Fund - Direct Growth,SBI8765432,INF200K01VC5,15-09-2024,SIP,1000,4.1152,243.0
Parag Parikh Flexi Cap Fund - Direct Growth,PPFCF1234567,INF879O01019,05-10-2024,SIP,3000,44.9978,66.67
Mirae Asset Large Cap Fund - Direct Growth,MIRAE9876543,INF769K01010,05-10-2024,SIP,2000,18.8679,106.0
Axis Small Cap Fund - Direct Growth,AXIS5432167,INF846K01EW2,10-10-2024,SIP,2000,22.058,90.67
ICICI Prudential Bluechip Fund - Direct Growth,ICICI2345678,INF109K01VQ1,10-10-2024,SIP,2000,23.2558,86.0
SBI Equity Hybrid Fund - Direct Growth,SBI8765432,INF200K01VC5,15-10-2024,SIP,1000,4.0871,244.67
Parag Parikh Flexi Cap Fund - Direct Growth,PPFCF1234567,INF879O01019,05-11-2024,SIP,3000,44.5567,67.33
Mirae Asset Large Cap Fund - Direct Growth,MIRAE9876543,INF769K01010,05-11-2024,SIP,2000,18.6916,107.0
Axis Small Cap Fund - Direct Growth,AXIS5432167,INF846K01EW2,10-11-2024,SIP,2000,21.8986,91.33
ICICI Prudential Bluechip Fund - Direct Growth,ICICI2345678,INF109K01VQ1,10-11-2024,SIP,2000,22.9885,87.0
SBI Equity Hybrid Fund - Direct Growth,SBI8765432,INF200K01VC5,15-11-2024,SIP,1000,4.0596,246.33
Parag Parikh Flexi Cap Fund - Direct Growth,PPFCF1234567,INF879O01019,05-12-2024,SIP,3000,44.1176,68.0
Mirae Asset Large Cap Fund - Direct Growth,MIRAE9876543,INF769K01010,05-12-2024,SIP,2000,18.5185,108.0
Axis Small Cap Fund - Direct Growth,AXIS5432167,INF846K01EW2,10-12-2024,SIP,2000,21.7391,92.0
ICICI Prudential Bluechip Fund - Direct Growth,ICICI2345678,INF109K01VQ1,10-12-2024,SIP,2000,22.7273,88.0
SBI Equity Hybrid Fund - Direct Growth,SBI8765432,INF200K01VC5,15-12-2024,SIP,1000,4.0323,248.0
Parag Parikh Flexi Cap Fund - Direct Growth,PPFCF1234567,INF879O01019,05-01-2025,SIP,3000,43.6872,68.67
Mirae Asset Large Cap Fund - Direct Growth,MIRAE9876543,INF769K01010,05-01-2025,SIP,2000,18.4043,108.67
Axis Small Cap Fund - Direct Growth,AXIS5432167,INF846K01EW2,10-01-2025,SIP,2000,21.6216,92.5
ICICI Prudential Bluechip Fund - Direct Growth,ICICI2345678,INF109K01VQ1,10-01-2025,SIP,2000,22.5555,88.67
SBI Equity Hybrid Fund - Direct Growth,SBI8765432,INF200K01VC5,15-01-2025,SIP,1000,4.0133,249.17
Parag Parikh Flexi Cap Fund - Direct Growth,PPFCF1234567,INF879O01019,05-02-2025,SIP,3000,43.2713,69.33
Mirae Asset Large Cap Fund - Direct Growth,MIRAE9876543,INF769K01010,05-02-2025,SIP,2000,18.2932,109.33
Axis Small Cap Fund - Direct Growth,AXIS5432167,INF846K01EW2,10-02-2025,SIP,2000,21.5054,93.0
ICICI Prudential Bluechip Fund - Direct Growth,ICICI2345678,INF109K01VQ1,10-02-2025,SIP,2000,22.3889,89.33
SBI Equity Hybrid Fund - Direct Growth,SBI8765432,INF200K01VC5,15-02-2025,SIP,1000,3.9947,250.33
Parag Parikh Flexi Cap Fund - Direct Growth,PPFCF1234567,INF879O01019,05-03-2025,SIP,3000,42.8571,70.0
Mirae Asset Large Cap Fund - Direct Growth,MIRAE9876543,INF769K01010,05-03-2025,SIP,2000,18.1818,110.0
Axis Small Cap Fund - Direct Growth,AXIS5432167,INF846K01EW2,10-03-2025,SIP,2000,21.3904,93.5
ICICI Prudential Bluechip Fund - Direct Growth,ICICI2345678,INF109K01VQ1,10-03-2025,SIP,2000,22.2222,90.0
SBI Equity Hybrid Fund - Direct Growth,SBI8765432,INF200K01VC5,15-03-2025,SIP,1000,3.9761,251.5
Parag Parikh Flexi Cap Fund - Direct Growth,PPFCF1234567,INF879O01019,05-04-2025,SIP,3000,42.4508,70.67
Mirae Asset Large Cap Fund - Direct Growth,MIRAE9876543,INF769K01010,05-04-2025,SIP,2000,18.0717,110.67
Axis Small Cap Fund - Direct Growth,AXIS5432167,INF846K01EW2,10-04-2025,SIP,2000,21.2766,94.0
ICICI Prudential Bluechip Fund - Direct Growth,ICICI2345678,INF109K01VQ1,10-04-2025,SIP,2000,22.058,90.67
SBI Equity Hybrid Fund - Direct Growth,SBI8765432,INF200K01VC5,15-04-2025,SIP,1000,3.9577,252.67
Parag Parikh Flexi Cap Fund - Direct Growth,PPFCF1234567,INF879O01019,05-05-2025,SIP,3000,42.058,71.33
Mirae Asset Large Cap Fund - Direct Growth,MIRAE9876543,INF769K01010,05-05-2025,SIP,2000,17.9646,111.33
Axis Small Cap Fund - Direct Growth,AXIS5432167,INF846K01EW2,10-05-2025,SIP,2000,21.164,94.5
ICICI Prudential Bluechip Fund - Direct Growth,ICICI2345678,INF109K01VQ1,10-05-2025,SIP,2000,21.8986,91.33
SBI Equity Hybrid Fund - Direct Growth,SBI8765432,INF200K01VC5,15-05-2025,SIP,1000,3.9396,253.83
Parag Parikh Flexi Cap Fund - Direct Growth,PPFCF1234567,INF879O01019,05-06-2025,SIP,3000,41.6667,72.0
Mirae Asset Large Cap Fund - Direct Growth,MIRAE9876543,INF769K01010,05-06-2025,SIP,2000,17.8571,112.0
Axis Small Cap Fund - Direct Growth,AXIS5432167,INF846K01EW2,10-06-2025,SIP,2000,21.0526,95.0
ICICI Prudential Bluechip Fund - Direct Growth,ICICI2345678,INF109K01VQ1,10-06-2025,SIP,2000,21.7391,92.0
SBI Equity Hybrid Fund - Direct Growth,SBI8765432,INF200K01VC5,15-06-2025,SIP,1000,3.9216,255.0
Parag Parikh Flexi Cap Fund - Direct Growth,PPFCF1234567,INF879O01019,05-07-2025,SIP,3000,41.3793,72.5
Mirae Asset Large Cap Fund - Direct Growth,MIRAE9876543,INF769K01010,05-07-2025,SIP,2000,17.7778,112.5
Axis Small Cap Fund - Direct Growth,AXIS5432167,INF846K01EW2,10-07-2025,SIP,2000,20.9052,95.67
ICICI Prudential Bluechip Fund - Direct Growth,ICICI2345678,INF109K01VQ1,10-07-2025,SIP,2000,21.6216,92.5
SBI Equity Hybrid Fund - Direct Growth,SBI8765432,INF200K01VC5,15-07-2025,SIP,1000,3.9062,256.0
Parag Parikh Flexi Cap Fund - Direct Growth,PPFCF1234567,INF879O01019,05-08-2025,SIP,3000,41.0959,73.0
Mirae Asset Large Cap Fund - Direct Growth,MIRAE9876543,INF769K01010,05-08-2025,SIP,2000,17.6991,113.0
Axis Small Cap Fund - Direct Growth,AXIS5432167,INF846K01EW2,10-08-2025,SIP,2000,20.762,96.33
ICICI Prudential Bluechip Fund - Direct Growth,ICICI2345678,INF109K01VQ1,10-08-2025,SIP,2000,21.5054,93.0
SBI Equity Hybrid Fund - Direct Growth,SBI8765432,INF200K01VC5,15-08-2025,SIP,1000,3.8911,257.0
Parag Parikh Flexi Cap Fund - Direct Growth,PPFCF1234567,INF879O01019,05-09-2025,SIP,3000,40.8163,73.5
Mirae Asset Large Cap Fund - Direct Growth,MIRAE9876543,INF769K01010,05-09-2025,SIP,2000,17.6211,113.5
Axis Small Cap Fund - Direct Growth,AXIS5432167,INF846K01EW2,10-09-2025,SIP,2000,20.6186,97.0
ICICI Prudential Bluechip Fund - Direct Growth,ICICI2345678,INF109K01VQ1,10-09-2025,SIP,2000,21.3904,93.5
SBI Equity Hybrid Fund - Direct Growth,SBI8765432,INF200K01VC5,15-09-2025,SIP,1000,3.876,258.0
Parag Parikh Flexi Cap Fund - Direct Growth,PPFCF1234567,INF879O01019,05-10-2025,SIP,3000,40.5405,74.0
Mirae Asset Large Cap Fund - Direct Growth,MIRAE9876543,INF769K01010,05-10-2025,SIP,2000,17.5439,114.0
Axis Small Cap Fund - Direct Growth,AXIS5432167,INF846K01EW2,10-10-2025,SIP,2000,20.4771,97.67
ICICI Prudential Bluechip Fund - Direct Growth,ICICI2345678,INF109K01VQ1,10-10-2025,SIP,2000,21.2766,94.0
SBI Equity Hybrid Fund - Direct Growth,SBI8765432,INF200K01VC5,15-10-2025,SIP,1000,3.861,259.0
Parag Parikh Flexi Cap Fund - Direct Growth,PPFCF1234567,INF879O01019,05-11-2025,SIP,3000,40.2685,74.5
Mirae Asset Large Cap Fund - Direct Growth,MIRAE9876543,INF769K01010,05-11-2025,SIP,2000,17.4672,114.5
Axis Small Cap Fund - Direct Growth,AXIS5432167,INF846K01EW2,10-11-2025,SIP,2000,20.3397,98.33
ICICI Prudential Bluechip Fund - Direct Growth,ICICI2345678,INF109K01VQ1,10-11-2025,SIP,2000,21.164,94.5
SBI Equity Hybrid Fund - Direct Growth,SBI8765432,INF200K01VC5,15-11-2025,SIP,1000,3.8462,260.0
Parag Parikh Flexi Cap Fund - Direct Growth,PPFCF1234567,INF879O01019,05-12-2025,SIP,3000,40.0,75.0
Mirae Asset Large Cap Fund - Direct Growth,MIRAE9876543,INF769K01010,05-12-2025,SIP,2000,17.3913,115.0
Axis Small Cap Fund - Direct Growth,AXIS5432167,INF846K01EW2,10-12-2025,SIP,2000,20.202,99.0
ICICI Prudential Bluechip Fund - Direct Growth,ICICI2345678,INF109K01VQ1,10-12-2025,SIP,2000,21.0526,95.0
SBI Equity Hybrid Fund - Direct Growth,SBI8765432,INF200K01VC5,15-12-2025,SIP,1000,3.8314,261.0
Parag Parikh Flexi Cap Fund - Direct Growth,PPFCF1234567,INF879O01019,05-01-2026,SIP,3000,39.6825,75.6
Mirae Asset Large Cap Fund - Direct Growth,MIRAE9876543,INF769K01010,05-01-2026,SIP,2000,17.301,115.6
Axis Small Cap Fund - Direct Growth,AXIS5432167,INF846K01EW2,10-01-2026,SIP,2000,20.0803,99.6
ICICI Prudential Bluechip Fund - Direct Growth,ICICI2345678,INF109K01VQ1,10-01-2026,SIP,2000,20.9644,95.4
SBI Equity Hybrid Fund - Direct Growth,SBI8765432,INF200K01VC5,15-01-2026,SIP,1000,3.8197,261.8
Parag Parikh Flexi Cap Fund - Direct Growth,PPFCF1234567,INF879O01019,05-02-2026,SIP,3000,39.3701,76.2
Mirae Asset Large Cap Fund - Direct Growth,MIRAE9876543,INF769K01010,05-02-2026,SIP,2000,17.2117,116.2
Axis Small Cap Fund - Direct Growth,AXIS5432167,INF846K01EW2,10-02-2026,SIP,2000,19.9601,100.2
ICICI Prudential Bluechip Fund - Direct Growth,ICICI2345678,INF109K01VQ1,10-02-2026,SIP,2000,20.8768,95.8
SBI Equity Hybrid Fund - Direct Growth,SBI8765432,INF200K01VC5,15-02-2026,SIP,1000,3.8081,262.6
Parag Parikh Flexi Cap Fund - Direct Growth,PPFCF1234567,INF879O01019,05-03-2026,SIP,3000,39.0625,76.8
Mirae Asset Large Cap Fund - Direct Growth,MIRAE9876543,INF769K01010,05-03-2026,SIP,2000,17.1233,116.8
Axis Small Cap Fund - Direct Growth,AXIS5432167,INF846K01EW2,10-03-2026,SIP,2000,19.8413,100.8
ICICI Prudential Bluechip Fund - Direct Growth,ICICI2345678,INF109K01VQ1,10-03-2026,SIP,2000,20.79,96.2
SBI Equity Hybrid Fund - Direct Growth,SBI8765432,INF200K01VC5,15-03-2026,SIP,1000,3.7965,263.4
Parag Parikh Flexi Cap Fund - Direct Growth,PPFCF1234567,INF879O01019,05-04-2026,SIP,3000,38.7597,77.4
Mirae Asset Large Cap Fund - Direct Growth,MIRAE9876543,INF769K01010,05-04-2026,SIP,2000,17.0358,117.4
Axis Small Cap Fund - Direct Growth,AXIS5432167,INF846K01EW2,10-04-2026,SIP,2000,19.7239,101.4
ICICI Prudential Bluechip Fund - Direct Growth,ICICI2345678,INF109K01VQ1,10-04-2026,SIP,2000,20.7039,96.6
SBI Equity Hybrid Fund - Direct Growth,SBI8765432,INF200K01VC5,15-04-2026,SIP,1000,3.785,264.2
Parag Parikh Flexi Cap Fund - Direct Growth,PPFCF1234567,INF879O01019,05-05-2026,SIP,3000,38.4615,78.0
Mirae Asset Large Cap Fund - Direct Growth,MIRAE9876543,INF769K01010,05-05-2026,SIP,2000,16.9492,118.0
Axis Small Cap Fund - Direct Growth,AXIS5432167,INF846K01EW2,10-05-2026,SIP,2000,19.6078,102.0
ICICI Prudential Bluechip Fund - Direct Growth,ICICI2345678,INF109K01VQ1,10-05-2026,SIP,2000,20.6186,97.0
SBI Equity Hybrid Fund - Direct Growth,SBI8765432,INF200K01VC5,15-05-2026,SIP,1000,3.7736,265.0
